Model,Accuracy,Precision,Recall,F1-Score,ROC-AUC
Logistic Regression,0.8461538461538461,0.8326289095519865,0.8461538461538461,0.8376260443676175,0.7653820148749155
Decision Tree,0.9326923076923077,0.9344936394355,0.9326923076923077,0.9334593152512228,0.8887762001352265
Random Forest,0.8942307692307693,0.9061028257456829,0.8942307692307693,0.8720826177347916,0.9263015551048005
XGBoost,0.9711538461538461,0.9721104154243689,0.9711538461538461,0.9714825636790955,0.9905341446923597
SVM,0.6826923076923077,0.8467220279720279,0.6826923076923077,0.7237756388810251,0.7964841108857336
KNN,0.8653846153846154,0.9056221556221556,0.8653846153846154,0.8765776906020809,0.949290060851927
